[
  {
    "id": "7b61defa-b8e6-4340-8d36-a47287793508",
    "name": "Lorem Ipsum Tablet",
    "price": 1114.96,
    "currency": "USD",
    "availableCount": 48,
    "rating": 3.2,
    "discount": 10,
    "category": "accessories",
    "shortDescription": "Incididunt elit ut dolor et amet incididunt aliqua sed amet eiusmod.",
    "longDescription": "Consectetur labore adipiscing incididunt ut sit sit dolore dolore tempor lorem do tempor incididunt. Aliqua lorem et dolore dolor magna consectetur do amet dolore sed. Elit amet sed tempor et do adipiscing lorem ut incididunt lorem et tempor. Elit aliqua incididunt do tempor ut magna ut sit labore. Tempor consectetur do adipiscing lorem dolor ut magna adipiscing incididunt. Tempor dolor tempor eiusmod magna dolore lorem adipiscing dolor et dolore magna magna.",
    "imageUrl": "https://images.unsplash.com/photo-1624823183493-ed5832f48f18",
    "extraFunctions": [
      "Gesture Control",
      "Customizable EQ",
      "App Integration",
      "Water Resistant",
      "Sleep Mode",
      "Wireless Charging"
    ]
  },
  {
    "id": "b5c58a20-17a7-474d-b913-b76d1a9fd4ca",
    "name": "Lorem Ipsum Laptop",
    "price": 775.91,
    "currency": "USD",
    "availableCount": 52,
    "rating": 2.8,
    "discount": 13,
    "category": "audio",
    "shortDescription": "Sit aliqua consectetur dolor dolor magna ut ipsum.",
    "longDescription": "Elit consectetur ut dolor eiusmod sed incididunt labore eiusmod et labore dolor. Et sed sit do tempor adipiscing magna ut eiusmod et elit incididunt incididunt. Et do sed incididunt eiusmod consectetur eiusmod et labore. Labore ut ut magna et et adipiscing amet dolore elit et incididunt aliqua. Eiusmod dolore adipiscing lorem eiusmod ut do aliqua elit sed. Eiusmod amet magna ut aliqua incididunt elit dolor lorem sed consectetur tempor ipsum. Adipiscing aliqua amet sit et do eiusmod amet elit incididunt incididunt aliqua eiusmod.",
    "imageUrl": "https://images.unsplash.com/photo-1618366712010-f4ae9c647dcb",
    "extraFunctions": [
      "Long Battery Life",
      "USB-C Port",
      "Wi-Fi Connectivity",
      "Noise Cancellation",
      "Multi-Device Pairing",
      "Fast Charging",
      "Customizable EQ"
    ]
  },
  {
    "id": "8061c218-e289-4380-b643-28afb8865e46",
    "name": "Lorem Ipsum Phone",
    "price": 1390.03,
    "currency": "USD",
    "availableCount": 41,
    "rating": 2.4,
    "discount": 5,
    "category": "audio",
    "shortDescription": "Eiusmod sit magna et ipsum consectetur incididunt et sed eiusmod elit et.",
    "longDescription": "Do dolor amet do ipsum dolor labore lorem lorem sed. Amet elit dolor magna aliqua ipsum tempor elit eiusmod eiusmod. Et aliqua ut elit sed lorem dolor et elit ut ut. Sit elit amet dolore elit ut tempor sed do. Labore et eiusmod ut sit aliqua labore dolore adipiscing dolore consectetur.",
    "imageUrl": "https://plus.unsplash.com/premium_photo-1677838847804-4054143fb91a",
    "extraFunctions": [
      "LED Display",
      "Bluetooth 5.0",
      "Auto Power Off",
      "App Integration",
      "Sleep Mode",
      "Gesture Control"
    ]
  },
  {
    "id": "7c8e0113-b90f-4858-a7d8-ea25c8b70a1e",
    "name": "Lorem Ipsum Tablet",
    "price": 1147.83,
    "currency": "USD",
    "availableCount": 80,
    "rating": 3.6,
    "discount": 8,
    "category": "computers",
    "shortDescription": "Sed dolor magna dolor amet dolore incididunt lorem dolore amet eiusmod.",
    "longDescription": "Do dolore do magna consectetur tempor dolor sed sed labore aliqua lorem dolore do. Tempor sed sit sit consectetur amet tempor sit et lorem. Do elit eiusmod ipsum dolore aliqua elit labore dolor aliqua. Magna do tempor et et aliqua consectetur et amet sit amet amet amet. Sit ipsum dolor lorem et consectetur incididunt eiusmod incididunt adipiscing.",
    "imageUrl": "https://plus.unsplash.com/premium_photo-1687892170417-f9a11a402ef7",
    "extraFunctions": [
      "Bluetooth 5.0",
      "App Integration",
      "Noise Cancellation",
      "Voice Assistant Support",
      "Multi-Device Pairing",
      "Wi-Fi Connectivity",
      "Gesture Control"
    ]
  },
  {
    "id": "d067397f-5620-45b5-bfed-ff2552ac31a2",
    "name": "Lorem Ipsum Camera",
    "price": 232.95,
    "currency": "USD",
    "availableCount": 39,
    "rating": 1.8,
    "discount": 15,
    "category": "accessories",
    "shortDescription": "Lorem ipsum sit elit et lorem ipsum lorem lorem.",
    "longDescription": "Sed consectetur eiusmod eiusmod magna lorem adipiscing consectetur dolor et sit. Ut sit consectetur aliqua tempor ut et magna. Sit amet dolore dolor do ut dolor magna do aliqua lorem et ipsum. Incididunt tempor tempor consectetur labore sed dolore dolore.",
    "imageUrl": "https://images.unsplash.com/photo-1677145503731-87bfe49e5c67",
    "extraFunctions": [
      "Wireless Charging",
      "Gesture Control",
      "Ambient Sound Mode",
      "Bluetooth 5.0",
      "Auto Power Off",
      "Customizable EQ"
    ]
  },
  {
    "id": "61a80f8e-b4f1-458e-90d2-3887c088d38e",
    "name": "Lorem Ipsum Speaker",
    "price": 1760.97,
    "currency": "USD",
    "availableCount": 76,
    "rating": 2.7,
    "discount": 2,
    "category": "mobile",
    "shortDescription": "Consectetur ipsum incididunt et elit lorem tempor et.",
    "longDescription": "Tempor incididunt do labore do eiusmod labore lorem eiusmod adipiscing amet dolor. Ipsum lorem consectetur consectetur elit ut ut incididunt dolor amet ut sit. Ipsum consectetur consectetur aliqua consectetur ut elit ipsum aliqua adipiscing ut. Sed adipiscing adipiscing amet lorem elit consectetur eiusmod. Elit incididunt dolor dolore consectetur do magna tempor eiusmod lorem incididunt aliqua.",
    "imageUrl": "https://images.unsplash.com/photo-1610985725707-bb0766bf123b",
    "extraFunctions": [
      "USB-C Port",
      "GPS Tracking",
      "Bluetooth 5.0",
      "Customizable EQ",
      "Voice Assistant Support",
      "Wi-Fi Connectivity",
      "Long Battery Life"
    ]
  },
  {
    "id": "ef459654-e087-471f-af3e-c04b0c16b500",
    "name": "Lorem Ipsum Headphones",
    "price": 960.83,
    "currency": "USD",
    "availableCount": 33,
    "rating": 2.4,
    "discount": 15,
    "category": "audio",
    "shortDescription": "Aliqua et dolore tempor aliqua lorem dolor incididunt consectetur.",
    "longDescription": "Ut do aliqua incididunt ipsum lorem sed magna sit ipsum consectetur sed labore. Magna labore do sit eiusmod ut tempor consectetur. Aliqua incididunt labore elit magna elit elit ut eiusmod. Elit consectetur incididunt adipiscing do amet do aliqua elit magna ipsum.",
    "imageUrl": "https://images.unsplash.com/photo-1545127398-14699f92334b",
    "extraFunctions": [
      "Foldable Design",
      "Gesture Control",
      "Touch Control",
      "Wireless Charging",
      "Multi-Device Pairing"
    ]
  },
  {
    "id": "9b1fffb4-91c6-41d9-af63-f3ab4fd44498",
    "name": "Lorem Ipsum Phone",
    "price": 557.51,
    "currency": "USD",
    "availableCount": 38,
    "rating": 5.0,
    "discount": 10,
    "category": "audio",
    "shortDescription": "Et et elit ut sed ipsum dolore do.",
    "longDescription": "Aliqua sed tempor labore tempor sed eiusmod et dolor sit. Tempor labore magna aliqua elit dolore tempor adipiscing incididunt do ut do. Amet incididunt dolor elit eiusmod adipiscing ut magna dolore dolor magna dolor et. Incididunt amet elit eiusmod eiusmod consectetur lorem sit adipiscing dolor.",
    "imageUrl": "https://plus.unsplash.com/premium_photo-1677838847804-4054143fb91a",
    "extraFunctions": [
      "Wireless Charging",
      "Voice Assistant Support",
      "Ambient Sound Mode",
      "Wi-Fi Connectivity",
      "Noise Cancellation",
      "Long Battery Life"
    ]
  },
  {
    "id": "8557ba24-9f86-41c5-b38a-7c08ff4a4ba0",
    "name": "Lorem Ipsum Phone",
    "price": 579.59,
    "currency": "USD",
    "availableCount": 22,
    "rating": 4.4,
    "discount": 11,
    "category": "smartHome",
    "shortDescription": "Sed amet magna lorem lorem amet lorem tempor.",
    "longDescription": "Et ut sed sit sed incididunt aliqua tempor dolor labore elit eiusmod et incididunt. Eiusmod labore eiusmod sit ut sed do magna et aliqua sed ut ut elit. Ut amet consectetur amet ut aliqua aliqua ipsum eiusmod et ut sit sed magna sed. Eiusmod sit ipsum adipiscing dolor consectetur sit sed eiusmod sit lorem et dolor incididunt.",
    "imageUrl": "https://images.unsplash.com/photo-1703675858673-56aab77ccbec",
    "extraFunctions": [
      "Bluetooth 5.0",
      "GPS Tracking",
      "Gesture Control",
      "Water Resistant",
      "Voice Assistant Support",
      "Foldable Design"
    ]
  },
  {
    "id": "b8ac7f8f-4b1d-4bb4-8e1c-711277e66b1c",
    "name": "Lorem Ipsum Keyboard",
    "price": 1227.17,
    "currency": "USD",
    "availableCount": 57,
    "rating": 3.3,
    "discount": 8,
    "category": "computers",
    "shortDescription": "Aliqua eiusmod magna labore amet amet sed ut magna dolor sit elit amet incididunt.",
    "longDescription": "Labore ut sit magna eiusmod do eiusmod incididunt elit amet. Consectetur eiusmod adipiscing et labore adipiscing tempor labore ut adipiscing. Incididunt dolore eiusmod consectetur aliqua eiusmod do magna sed elit labore sit sit. Do aliqua eiusmod sed ut ut eiusmod sit adipiscing eiusmod dolore amet labore. Lorem consectetur elit eiusmod ut incididunt dolore ipsum do consectetur eiusmod amet eiusmod do. Tempor sit lorem ipsum sed amet incididunt amet.",
    "imageUrl": "https://plus.unsplash.com/premium_photo-1687892170417-f9a11a402ef7",
    "extraFunctions": [
      "Touch Control",
      "Noise Cancellation",
      "Wi-Fi Connectivity",
      "USB-C Port",
      "Fast Charging",
      "Foldable Design",
      "Gesture Control"
    ]
  },
  {
    "id": "8832383d-8988-497b-957a-c4f646ec45eb",
    "name": "Lorem Ipsum Laptop",
    "price": 292.84,
    "currency": "USD",
    "availableCount": 77,
    "rating": 4.9,
    "discount": 5,
    "category": "smartHome",
    "shortDescription": "Dolore lorem incididunt labore sit sit amet incididunt et do tempor elit sed.",
    "longDescription": "Labore sed dolor sit dolor tempor ipsum sit consectetur incididunt consectetur labore. Consectetur adipiscing incididunt labore lorem ut eiusmod adipiscing consectetur magna. Amet eiusmod labore ut consectetur dolor ipsum elit do labore dolore sed lorem ut. Eiusmod lorem adipiscing dolor sed magna elit labore adipiscing et magna consectetur tempor et sed.",
    "imageUrl": "https://images.unsplash.com/photo-1703675858673-56aab77ccbec",
    "extraFunctions": [
      "Water Resistant",
      "Touch Control",
      "Customizable EQ",
      "Bluetooth 5.0",
      "Wireless Charging",
      "Ambient Sound Mode",
      "Fast Charging"
    ]
  },
  {
    "id": "f4b7ac30-b6ef-4bef-ae1a-df6a189dbcfe",
    "name": "Lorem Ipsum Laptop",
    "price": 31.26,
    "currency": "USD",
    "availableCount": 21,
    "rating": 3.6,
    "discount": 14,
    "category": "smartHome",
    "shortDescription": "Incididunt tempor tempor lorem et aliqua incididunt sit tempor dolore ut lorem lorem sed consectetur.",
    "longDescription": "Et elit sit sit sit magna aliqua incididunt consectetur eiusmod consectetur. Labore sit et lorem ipsum ut dolor adipiscing. Sit et et do dolor sed et sed dolor consectetur ut elit adipiscing. Ut et elit ipsum sed eiusmod sed dolore ut sed. Lorem consectetur elit et labore lorem eiusmod amet. Ipsum ut dolor et magna adipiscing sit labore dolore et sed do ipsum et tempor.",
    "imageUrl": "https://plus.unsplash.com/premium_photo-1729436833449-225649403fc0",
    "extraFunctions": [
      "Fast Charging",
      "Touch Control",
      "Multi-Device Pairing",
      "Long Battery Life",
      "LED Display",
      "Sleep Mode",
      "Foldable Design",
      "Gesture Control"
    ]
  },
  {
    "id": "62ea6c38-15ae-409b-bf77-3a3cc09d5a24",
    "name": "Lorem Ipsum Phone",
    "price": 298.86,
    "currency": "USD",
    "availableCount": 54,
    "rating": 1.9,
    "discount": 3,
    "category": "mobile",
    "shortDescription": "Dolor dolor magna dolore sit tempor et ipsum incididunt.",
    "longDescription": "Ipsum do labore lorem labore ipsum consectetur ut tempor labore. Ipsum sit ut dolore amet ipsum incididunt do amet. Dolor lorem tempor aliqua dolor elit adipiscing do. Aliqua labore et incididunt incididunt labore dolore lorem. Sit dolor magna ipsum et ipsum tempor dolore dolor lorem elit et adipiscing. Ut consectetur lorem labore dolor do incididunt ipsum adipiscing consectetur lorem eiusmod tempor sit ipsum. Do lorem incididunt eiusmod tempor et adipiscing sit dolor amet dolore consectetur eiusmod incididunt.",
    "imageUrl": "https://images.unsplash.com/photo-1622782914767-404fb9ab3f57",
    "extraFunctions": [
      "Sleep Mode",
      "Wireless Charging",
      "Water Resistant",
      "Auto Power Off",
      "Customizable EQ",
      "GPS Tracking",
      "Noise Cancellation",
      "Fast Charging"
    ]
  },
  {
    "id": "603873d5-9d1c-4855-b6e8-108b9dc338a1",
    "name": "Lorem Ipsum Monitor",
    "price": 302.67,
    "currency": "USD",
    "availableCount": 19,
    "rating": 2.1,
    "discount": 15,
    "category": "audio",
    "shortDescription": "Consectetur labore dolor aliqua sit sit dolore sit tempor.",
    "longDescription": "Eiusmod aliqua adipiscing amet do incididunt eiusmod ipsum incididunt sed amet sed adipiscing aliqua tempor. Tempor incididunt labore adipiscing incididunt consectetur adipiscing dolore dolor ipsum et. Lorem consectetur aliqua adipiscing et elit magna tempor ut sed sed amet dolor magna do. Ipsum dolor adipiscing ut sit ut aliqua amet incididunt et tempor. Ipsum ipsum dolore do labore tempor sed tempor dolor dolore. Adipiscing do incididunt do magna consectetur amet dolore.",
    "imageUrl": "https://images.unsplash.com/photo-1545127398-14699f92334b",
    "extraFunctions": [
      "Ambient Sound Mode",
      "Fast Charging",
      "Voice Assistant Support",
      "Customizable EQ",
      "LED Display"
    ]
  },
  {
    "id": "a026ad5b-5c56-41ed-9f5a-cb664160ca3c",
    "name": "Lorem Ipsum Monitor",
    "price": 631.2,
    "currency": "USD",
    "availableCount": 17,
    "rating": 4.8,
    "discount": 8,
    "category": "audio",
    "shortDescription": "Ipsum aliqua aliqua tempor dolore magna et eiusmod do do dolor amet dolor.",
    "longDescription": "Aliqua consectetur aliqua elit elit elit consectetur adipiscing. Adipiscing ipsum magna do do ipsum consectetur ut. Lorem dolore elit incididunt tempor eiusmod aliqua et tempor amet amet dolor incididunt elit. Aliqua magna et amet dolore sit amet ipsum lorem eiusmod ut sit. Sed ut eiusmod et adipiscing tempor do ut aliqua labore amet tempor labore.",
    "imageUrl": "https://plus.unsplash.com/premium_photo-1677838847804-4054143fb91a",
    "extraFunctions": [
      "Customizable EQ",
      "Ambient Sound Mode",
      "Foldable Design",
      "Long Battery Life",
      "Gesture Control",
      "Sleep Mode",
      "Fast Charging",
      "Noise Cancellation"
    ]
  },
  {
    "id": "390fda88-bedf-48d7-8162-11f602275860",
    "name": "Lorem Ipsum Laptop",
    "price": 151.96,
    "currency": "USD",
    "availableCount": 72,
    "rating": 3.2,
    "discount": 13,
    "category": "audio",
    "shortDescription": "Amet dolor incididunt dolore ut ipsum magna tempor.",
    "longDescription": "Aliqua incididunt eiusmod eiusmod incididunt tempor sit elit consectetur. Tempor consectetur lorem dolor eiusmod amet et ut incididunt ut dolore elit sit adipiscing do. Ipsum do eiusmod magna ut amet eiusmod consectetur lorem do amet ut elit incididunt labore. Lorem elit adipiscing labore lorem ipsum lorem consectetur sit ipsum amet et eiusmod. Dolore adipiscing dolore sit consectetur adipiscing adipiscing do et magna amet amet amet lorem ut. Magna elit consectetur aliqua ut ut adipiscing amet consectetur et do sed eiusmod dolore.",
    "imageUrl": "https://images.unsplash.com/photo-1545127398-14699f92334b",
    "extraFunctions": [
      "Multi-Device Pairing",
      "Sleep Mode",
      "USB-C Port",
      "GPS Tracking",
      "Customizable EQ",
      "Ambient Sound Mode",
      "Wireless Charging"
    ]
  },
  {
    "id": "4a480084-61cf-44de-902a-a2263407ecb5",
    "name": "Lorem Ipsum Laptop",
    "price": 296.7,
    "currency": "USD",
    "availableCount": 45,
    "rating": 3.4,
    "discount": 11,
    "category": "mobile",
    "shortDescription": "Ut ipsum sit do aliqua dolor incididunt incididunt et eiusmod magna aliqua ut sit.",
    "longDescription": "Et elit do ipsum consectetur sed ipsum dolore dolore sit sit. Aliqua et adipiscing do sed aliqua sit dolor lorem. Sed do sit sit incididunt amet dolore magna lorem sed amet incididunt ipsum et. Eiusmod incididunt do labore magna ut lorem ipsum. Incididunt amet magna magna et dolore ipsum amet. Ipsum tempor ut eiusmod ut ipsum lorem dolore eiusmod dolore aliqua ipsum incididunt dolore magna. Consectetur elit magna adipiscing sit magna tempor lorem aliqua.",
    "imageUrl": "https://images.unsplash.com/photo-1551721434-8b94ddff0e6d",
    "extraFunctions": [
      "App Integration",
      "Long Battery Life",
      "Water Resistant",
      "Auto Power Off",
      "Wi-Fi Connectivity",
      "GPS Tracking"
    ]
  },
  {
    "id": "88ce5f5c-b8a7-4c81-bc6d-47d11ae8143f",
    "name": "Lorem Ipsum Tablet",
    "price": 1590.68,
    "currency": "USD",
    "availableCount": 59,
    "rating": 1.0,
    "discount": 3,
    "category": "mobile",
    "shortDescription": "Consectetur ut tempor elit ipsum dolor dolor dolor lorem dolor consectetur dolore.",
    "longDescription": "Lorem adipiscing adipiscing consectetur incididunt dolor aliqua eiusmod et sed elit elit eiusmod labore elit. Elit dolore consectetur consectetur eiusmod ut tempor elit magna tempor. Ipsum et incididunt labore sit elit consectetur do amet aliqua et tempor eiusmod. Tempor sed elit adipiscing labore adipiscing ipsum dolore ut magna et labore dolor dolor labore. Sed dolore ut dolor adipiscing lorem labore sed sit lorem eiusmod adipiscing consectetur. Magna labore tempor dolore incididunt tempor amet consectetur do tempor.",
    "imageUrl": "https://images.unsplash.com/photo-1598327105666-5b89351aff97",
    "extraFunctions": [
      "LED Display",
      "Fast Charging",
      "Voice Assistant Support",
      "Sleep Mode",
      "Noise Cancellation",
      "App Integration",
      "Touch Control"
    ]
  },
  {
    "id": "81121558-2cb4-441a-a9ed-62b9671c4855",
    "name": "Lorem Ipsum Mouse",
    "price": 91.52,
    "currency": "USD",
    "availableCount": 34,
    "rating": 2.8,
    "discount": 7,
    "category": "mobile",
    "shortDescription": "Consectetur do magna adipiscing labore magna tempor consectetur tempor consectetur.",
    "longDescription": "Aliqua ut magna lorem dolore ipsum do elit labore sed elit elit sit. Do dolor lorem eiusmod tempor adipiscing adipiscing et tempor. Lorem consectetur et amet incididunt elit ut incididunt tempor ipsum tempor labore ipsum. Ipsum ut magna eiusmod tempor et ipsum elit tempor. Eiusmod ipsum sit amet consectetur incididunt amet aliqua. Incididunt eiusmod adipiscing ut sed do aliqua aliqua eiusmod aliqua magna lorem ut do labore. Lorem consectetur ipsum ut eiusmod ipsum ipsum aliqua consectetur ut dolore sed consectetur sed.",
    "imageUrl": "https://images.unsplash.com/photo-1551721434-8b94ddff0e6d",
    "extraFunctions": [
      "Wi-Fi Connectivity",
      "Foldable Design",
      "App Integration",
      "Fast Charging",
      "Multi-Device Pairing"
    ]
  },
  {
    "id": "496d8535-d8f9-40c6-ab91-7cf62caec1df",
    "name": "Lorem Ipsum Speaker",
    "price": 1754.92,
    "currency": "USD",
    "availableCount": 89,
    "rating": 2.8,
    "discount": 4,
    "category": "smartHome",
    "shortDescription": "Amet et ut magna sit do ut et sed sed adipiscing elit.",
    "longDescription": "Elit aliqua et do aliqua dolor incididunt aliqua labore consectetur ut. Magna labore labore adipiscing ut sit tempor sed eiusmod. Lorem sit lorem et aliqua incididunt adipiscing labore ipsum labore ipsum eiusmod labore. Adipiscing aliqua magna magna magna magna aliqua amet incididunt. Labore ut elit dolore labore tempor sit do. Dolore ipsum et sed incididunt lorem magna do ut do ipsum adipiscing consectetur. Ipsum et ipsum et elit consectetur dolor ipsum amet et ut incididunt elit.",
    "imageUrl": "https://images.unsplash.com/photo-1608377205619-03a0b4c4e270",
    "extraFunctions": [
      "Voice Assistant Support",
      "Bluetooth 5.0",
      "Auto Power Off",
      "Gesture Control",
      "Multi-Device Pairing",
      "Customizable EQ"
    ]
  },
  {
    "id": "39a5a719-81c1-4137-b9e6-3f50fe07f56b",
    "name": "Lorem Ipsum Laptop",
    "price": 1375.37,
    "currency": "USD",
    "availableCount": 10,
    "rating": 2.1,
    "discount": 14,
    "category": "computers",
    "shortDescription": "Magna consectetur sed dolore aliqua magna sit dolor.",
    "longDescription": "Lorem elit sit consectetur elit magna eiusmod lorem. Consectetur labore magna eiusmod magna sed ipsum elit dolore ipsum consectetur dolore dolor dolore. Magna eiusmod sit sed elit ipsum ut ipsum aliqua tempor eiusmod. Amet sed labore magna labore eiusmod dolor lorem et aliqua ipsum et sed ut consectetur. Sit eiusmod lorem dolor elit sed sed dolore et dolore labore. Tempor aliqua ut labore amet consectetur aliqua dolor labore. Consectetur labore consectetur tempor consectetur elit aliqua dolor magna dolor adipiscing magna dolore et.",
    "imageUrl": "https://plus.unsplash.com/premium_photo-1687892170417-f9a11a402ef7",
    "extraFunctions": [
      "GPS Tracking",
      "LED Display",
      "USB-C Port",
      "Auto Power Off",
      "Touch Control",
      "Wi-Fi Connectivity"
    ]
  },
  {
    "id": "d485df53-51be-4a30-bd3e-6d5f83b2bd4f",
    "name": "Lorem Ipsum Keyboard",
    "price": 1137.44,
    "currency": "USD",
    "availableCount": 25,
    "rating": 1.1,
    "discount": 13,
    "category": "audio",
    "shortDescription": "Labore magna do elit adipiscing incididunt ut labore dolor lorem elit.",
    "longDescription": "Sit eiusmod magna lorem adipiscing aliqua adipiscing sit ipsum eiusmod. Lorem labore sit do magna eiusmod tempor labore dolor ut. Do consectetur eiusmod dolore do tempor et do. Adipiscing sed aliqua lorem adipiscing amet et sit aliqua amet labore lorem dolore.",
    "imageUrl": "https://images.unsplash.com/photo-1545127398-14699f92334b",
    "extraFunctions": [
      "Auto Power Off",
      "Noise Cancellation",
      "Touch Control",
      "Foldable Design",
      "App Integration"
    ]
  },
  {
    "id": "da10c7f6-ad68-4378-97e6-4ba3336c2c50",
    "name": "Lorem Ipsum Headphones",
    "price": 853.68,
    "currency": "USD",
    "availableCount": 47,
    "rating": 3.0,
    "discount": 11,
    "category": "audio",
    "shortDescription": "Sit dolor lorem amet amet magna tempor lorem elit do amet consectetur.",
    "longDescription": "Et dolor ut magna dolor do lorem lorem sed. Tempor consectetur incididunt incididunt lorem amet labore consectetur ut tempor incididunt. Eiusmod sed aliqua incididunt magna amet tempor do lorem do consectetur. Ut ipsum amet tempor dolore sed adipiscing lorem. Elit eiusmod magna incididunt elit incididunt do ipsum consectetur. Aliqua lorem ut elit eiusmod adipiscing ut sed tempor adipiscing sit labore.",
    "imageUrl": "https://plus.unsplash.com/premium_photo-1679513691474-73102089c117",
    "extraFunctions": [
      "Water Resistant",
      "Ambient Sound Mode",
      "GPS Tracking",
      "Voice Assistant Support",
      "Touch Control",
      "Multi-Device Pairing",
      "Sleep Mode",
      "Noise Cancellation"
    ]
  },
  {
    "id": "4fbe96a8-0e90-40d2-ab87-8455f5431241",
    "name": "Lorem Ipsum Phone",
    "price": 816.34,
    "currency": "USD",
    "availableCount": 42,
    "rating": 4.7,
    "discount": 4,
    "category": "mobile",
    "shortDescription": "Sit ipsum do do ut adipiscing ipsum et ut amet.",
    "longDescription": "Labore amet et elit amet sit ut incididunt ipsum elit eiusmod aliqua magna do tempor. Dolore sed do dolor labore aliqua lorem ipsum et labore ut. Ut eiusmod adipiscing ipsum et sit aliqua consectetur consectetur lorem. Do lorem aliqua ut ipsum lorem tempor ipsum et aliqua elit. Adipiscing labore et adipiscing ut sed do incididunt dolore magna adipiscing aliqua do.",
    "imageUrl": "https://images.unsplash.com/photo-1622782914767-404fb9ab3f57",
    "extraFunctions": [
      "LED Display",
      "App Integration",
      "Noise Cancellation",
      "Voice Assistant Support",
      "Auto Power Off"
    ]
  },
  {
    "id": "cad04e91-0772-46d8-820b-1190c3968fef",
    "name": "Lorem Ipsum Mouse",
    "price": 1425.79,
    "currency": "USD",
    "availableCount": 34,
    "rating": 4.7,
    "discount": 3,
    "category": "accessories",
    "shortDescription": "Sit aliqua dolore magna ut dolore sed sed incididunt do dolore eiusmod labore elit.",
    "longDescription": "Dolore aliqua ut consectetur et eiusmod sed elit eiusmod adipiscing elit. Adipiscing sit ut dolor eiusmod ut do consectetur ipsum magna aliqua ipsum tempor lorem dolore. Magna et sed elit adipiscing et aliqua adipiscing. Magna sit tempor do et tempor consectetur do. Do do aliqua sed eiusmod sed labore do lorem ipsum aliqua tempor. Sed eiusmod magna et ipsum do ut dolor dolor eiusmod labore.",
    "imageUrl": "https://images.unsplash.com/photo-1749351069759-6eebd65517d8",
    "extraFunctions": [
      "Ambient Sound Mode",
      "Wi-Fi Connectivity",
      "Bluetooth 5.0",
      "Foldable Design",
      "Noise Cancellation"
    ]
  },
  {
    "id": "ed905be5-8416-4896-9de3-506820a51973",
    "name": "Lorem Ipsum Keyboard",
    "price": 53.16,
    "currency": "USD",
    "availableCount": 12,
    "rating": 4.1,
    "discount": 6,
    "category": "accessories",
    "shortDescription": "Ipsum ut eiusmod sed sit et amet incididunt adipiscing aliqua lorem consectetur elit.",
    "longDescription": "Dolor sed adipiscing tempor sit labore tempor eiusmod tempor tempor dolore tempor amet tempor. Ipsum elit dolore sed amet adipiscing sed aliqua labore lorem amet lorem sit sit. Ipsum et dolore aliqua amet et do aliqua elit aliqua adipiscing adipiscing. Tempor sed amet do lorem tempor ut sed dolor lorem eiusmod. Adipiscing aliqua adipiscing incididunt incididunt et amet sed do lorem. Incididunt et lorem aliqua sed consectetur elit labore amet ut labore consectetur eiusmod incididunt do.",
    "imageUrl": "https://images.unsplash.com/photo-1749351069759-6eebd65517d8",
    "extraFunctions": [
      "GPS Tracking",
      "Customizable EQ",
      "Sleep Mode",
      "Bluetooth 5.0",
      "Multi-Device Pairing",
      "Long Battery Life",
      "Water Resistant",
      "Fast Charging"
    ]
  },
  {
    "id": "70347ba4-4e34-4c87-be7b-d1a8ae916e6b",
    "name": "Lorem Ipsum Monitor",
    "price": 166.55,
    "currency": "USD",
    "availableCount": 36,
    "rating": 4.7,
    "discount": 13,
    "category": "smartHome",
    "shortDescription": "Sit sit dolor aliqua do tempor consectetur eiusmod dolore.",
    "longDescription": "Sed ipsum magna do aliqua labore ut sed elit dolor amet lorem. Adipiscing adipiscing dolore dolor sit ipsum dolor ut. Amet consectetur labore et labore adipiscing tempor aliqua elit incididunt eiusmod lorem amet consectetur do. Ut tempor elit et elit et adipiscing consectetur.",
    "imageUrl": "https://plus.unsplash.com/premium_photo-1729436833449-225649403fc0",
    "extraFunctions": [
      "LED Display",
      "Wireless Charging",
      "Water Resistant",
      "Gesture Control",
      "Auto Power Off",
      "Multi-Device Pairing"
    ]
  },
  {
    "id": "6779a10b-c702-420b-ab19-7ee082e3633b",
    "name": "Lorem Ipsum Tablet",
    "price": 323.1,
    "currency": "USD",
    "availableCount": 45,
    "rating": 4.6,
    "discount": 7,
    "category": "smartHome",
    "shortDescription": "Dolor tempor consectetur lorem adipiscing amet tempor dolor do.",
    "longDescription": "Tempor ipsum dolore eiusmod eiusmod tempor labore elit ut labore. Ipsum et incididunt dolor et sit incididunt consectetur ut ut. Magna elit tempor aliqua aliqua adipiscing dolor et amet tempor. Magna do eiusmod elit dolore dolor magna do aliqua ipsum. Aliqua tempor sit eiusmod dolor sed ipsum ut incididunt magna lorem ipsum adipiscing adipiscing ipsum.",
    "imageUrl": "https://images.unsplash.com/photo-1703675858673-56aab77ccbec",
    "extraFunctions": [
      "Wi-Fi Connectivity",
      "LED Display",
      "Long Battery Life",
      "Wireless Charging",
      "Customizable EQ",
      "Bluetooth 5.0",
      "App Integration",
      "GPS Tracking"
    ]
  },
  {
    "id": "5ec24f90-68f7-45f1-9ae2-5e63249726e6",
    "name": "Lorem Ipsum Camera",
    "price": 296.27,
    "currency": "USD",
    "availableCount": 5,
    "rating": 3.4,
    "discount": 15,
    "category": "mobile",
    "shortDescription": "Incididunt dolor adipiscing eiusmod lorem labore consectetur adipiscing consectetur lorem dolor.",
    "longDescription": "Adipiscing ut et aliqua amet tempor dolor tempor et et do dolore do. Incididunt magna amet ut magna tempor dolor consectetur consectetur et labore ut ut. Sed tempor ipsum consectetur ipsum elit et dolor elit sed adipiscing ut amet eiusmod magna. Ipsum adipiscing labore magna incididunt ut et do amet consectetur. Do dolore lorem ipsum amet eiusmod sit dolore sed labore sit ipsum magna. Eiusmod labore do dolore labore sit et aliqua sit eiusmod adipiscing sit sed. Ut do eiusmod labore incididunt tempor sed amet.",
    "imageUrl": "https://images.unsplash.com/photo-1580910051074-3eb694886505",
    "extraFunctions": [
      "Wireless Charging",
      "LED Display",
      "Long Battery Life",
      "Foldable Design",
      "Gesture Control",
      "Sleep Mode",
      "Ambient Sound Mode"
    ]
  },
  {
    "id": "46c1c2d9-21a7-4899-a174-17a252edafaf",
    "name": "Lorem Ipsum Phone",
    "price": 1034.69,
    "currency": "USD",
    "availableCount": 42,
    "rating": 2.4,
    "discount": 6,
    "category": "computers",
    "shortDescription": "Do elit elit dolor amet magna consectetur elit aliqua amet.",
    "longDescription": "Et adipiscing amet sed eiusmod dolor sit labore eiusmod et adipiscing. Et incididunt aliqua lorem sit ipsum adipiscing eiusmod lorem magna sed elit et amet et. Do lorem do aliqua ut et do dolor eiusmod magna do aliqua tempor magna. Adipiscing elit lorem adipiscing elit ut aliqua sit consectetur. Aliqua consectetur labore elit amet magna sit sed elit dolor dolore ut sed et adipiscing.",
    "imageUrl": "https://plus.unsplash.com/premium_photo-1681666713680-fb39c13070f3",
    "extraFunctions": [
      "Long Battery Life",
      "Voice Assistant Support",
      "Touch Control",
      "Wi-Fi Connectivity",
      "Auto Power Off",
      "Water Resistant",
      "Sleep Mode",
      "Multi-Device Pairing"
    ]
  },
  {
    "id": "7494751b-ff0f-48e0-ac0e-1ac73877232a",
    "name": "Lorem Ipsum Mouse",
    "price": 1638.18,
    "currency": "USD",
    "availableCount": 21,
    "rating": 1.8,
    "discount": 11,
    "category": "computers",
    "shortDescription": "Labore ut sit lorem labore magna et do labore sit adipiscing.",
    "longDescription": "Sit ipsum adipiscing magna consectetur ut labore sit. Dolore et incididunt labore ut ut ipsum dolore. Incididunt sit aliqua lorem dolore consectetur eiusmod aliqua ipsum sit aliqua. Consectetur ut dolor tempor sed sed aliqua adipiscing dolore sed ipsum incididunt ipsum.",
    "imageUrl": "https://plus.unsplash.com/premium_photo-1687892170417-f9a11a402ef7",
    "extraFunctions": [
      "GPS Tracking",
      "Touch Control",
      "App Integration",
      "Ambient Sound Mode",
      "Fast Charging",
      "Wireless Charging",
      "USB-C Port",
      "Auto Power Off"
    ]
  },
  {
    "id": "a58435b7-2255-4621-b4f1-128e78431cd6",
    "name": "Lorem Ipsum Mouse",
    "price": 143.75,
    "currency": "USD",
    "availableCount": 23,
    "rating": 4.1,
    "discount": 0,
    "category": "mobile",
    "shortDescription": "Elit dolore elit sed dolore tempor magna elit.",
    "longDescription": "Eiusmod et sed dolor adipiscing ipsum et incididunt aliqua incididunt adipiscing lorem do. Labore sed labore sit amet et sed labore amet incididunt amet. Sit consectetur eiusmod et et eiusmod consectetur ipsum eiusmod sed do ut. Amet elit sed sed tempor adipiscing consectetur adipiscing. Ut ut do tempor dolore elit aliqua amet incididunt labore sed. Et consectetur sed ut dolore lorem lorem aliqua amet do magna ipsum. Dolor ut elit consectetur sit tempor amet et amet eiusmod tempor tempor dolor.",
    "imageUrl": "https://images.unsplash.com/photo-1622782914767-404fb9ab3f57",
    "extraFunctions": [
      "LED Display",
      "Touch Control",
      "Auto Power Off",
      "Wi-Fi Connectivity",
      "Voice Assistant Support",
      "Gesture Control"
    ]
  },
  {
    "id": "473bb81f-3052-4eaf-b28c-0df482a37e42",
    "name": "Lorem Ipsum Monitor",
    "price": 1576.22,
    "currency": "USD",
    "availableCount": 44,
    "rating": 1.8,
    "discount": 3,
    "category": "accessories",
    "shortDescription": "Elit tempor magna consectetur labore magna dolor incididunt dolor sed magna dolor.",
    "longDescription": "Lorem ut labore sit aliqua tempor tempor dolor lorem et magna lorem aliqua. Amet do do labore sit labore amet et adipiscing dolore et aliqua incididunt incididunt ipsum. Aliqua lorem do et consectetur ipsum dolore eiusmod ipsum amet. Labore eiusmod dolor ut aliqua do consectetur eiusmod do tempor eiusmod lorem amet. Sit magna adipiscing sit tempor et adipiscing ut labore magna ipsum ipsum labore. Lorem elit do elit do incididunt aliqua incididunt adipiscing adipiscing eiusmod magna.",
    "imageUrl": "https://images.unsplash.com/photo-1749351069759-6eebd65517d8",
    "extraFunctions": [
      "Customizable EQ",
      "App Integration",
      "Bluetooth 5.0",
      "Multi-Device Pairing",
      "Fast Charging"
    ]
  },
  {
    "id": "477de621-5a77-40b8-913d-8ee7800c45c6",
    "name": "Lorem Ipsum Keyboard",
    "price": 604.22,
    "currency": "USD",
    "availableCount": 88,
    "rating": 2.6,
    "discount": 3,
    "category": "computers",
    "shortDescription": "Labore incididunt consectetur labore sit elit elit labore ut sed ut ipsum elit eiusmod.",
    "longDescription": "Ut do tempor sed labore dolor incididunt consectetur amet amet aliqua sit et dolor. Sit sed tempor ut magna eiusmod ipsum et. Ipsum incididunt et sit incididunt dolore tempor magna dolore dolor amet ut elit adipiscing eiusmod. Sed ipsum et incididunt eiusmod incididunt sit aliqua sed. Lorem magna sed dolor sed aliqua amet sed.",
    "imageUrl": "https://plus.unsplash.com/premium_photo-1687892170417-f9a11a402ef7",
    "extraFunctions": [
      "Customizable EQ",
      "Sleep Mode",
      "Noise Cancellation",
      "USB-C Port",
      "Bluetooth 5.0",
      "Long Battery Life",
      "GPS Tracking"
    ]
  },
  {
    "id": "7dde8ef3-1675-4c8b-9495-3d4ab335ba26",
    "name": "Lorem Ipsum Mouse",
    "price": 622.59,
    "currency": "USD",
    "availableCount": 45,
    "rating": 4.4,
    "discount": 10,
    "category": "mobile",
    "shortDescription": "Eiusmod ut tempor adipiscing elit sit eiusmod dolore ipsum aliqua do dolore consectetur labore.",
    "longDescription": "Et incididunt ut magna ut consectetur et sit ipsum adipiscing tempor labore dolore incididunt ut. Elit ipsum ut lorem labore ut eiusmod adipiscing adipiscing tempor ipsum sit do. Ipsum eiusmod labore eiusmod dolore aliqua ipsum lorem incididunt tempor adipiscing. Lorem dolore sed adipiscing elit lorem sit adipiscing adipiscing lorem incididunt et eiusmod incididunt. Sed tempor sit tempor tempor dolore ut et labore magna. Elit do ipsum labore et aliqua ipsum sit et lorem lorem sit consectetur ut sit.",
    "imageUrl": "https://images.unsplash.com/photo-1610985725707-bb0766bf123b",
    "extraFunctions": [
      "Customizable EQ",
      "Ambient Sound Mode",
      "USB-C Port",
      "Sleep Mode",
      "Long Battery Life"
    ]
  },
  {
    "id": "b05d31c3-fe35-471c-8c6b-275b7eab3d0e",
    "name": "Lorem Ipsum Headphones",
    "price": 458.19,
    "currency": "USD",
    "availableCount": 61,
    "rating": 3.0,
    "discount": 7,
    "category": "audio",
    "shortDescription": "Consectetur magna magna et sit eiusmod adipiscing magna tempor magna do magna lorem sed.",
    "longDescription": "Lorem dolore consectetur adipiscing amet consectetur magna dolore dolore aliqua et. Elit do aliqua ut lorem et aliqua lorem lorem aliqua labore. Magna labore ipsum incididunt incididunt aliqua do aliqua sit do ipsum. Elit dolor incididunt elit do do ut labore. Aliqua adipiscing elit aliqua dolore ut magna elit amet magna tempor incididunt et lorem tempor.",
    "imageUrl": "https://plus.unsplash.com/premium_photo-1679513691474-73102089c117",
    "extraFunctions": [
      "GPS Tracking",
      "LED Display",
      "Sleep Mode",
      "Ambient Sound Mode",
      "App Integration",
      "Long Battery Life",
      "Multi-Device Pairing"
    ]
  },
  {
    "id": "f1766868-6392-422f-a4ad-1fd0addf51c1",
    "name": "Lorem Ipsum Watch",
    "price": 544.3,
    "currency": "USD",
    "availableCount": 60,
    "rating": 2.1,
    "discount": 11,
    "category": "smartHome",
    "shortDescription": "Sit amet consectetur eiusmod et elit ut sit consectetur.",
    "longDescription": "Consectetur lorem sed ipsum aliqua consectetur labore sit dolore labore elit eiusmod aliqua lorem. Incididunt aliqua dolor dolore dolore sed ipsum sit consectetur. Et lorem sed lorem dolore consectetur elit lorem sit magna et magna lorem ut. Ipsum dolor tempor magna adipiscing consectetur et sit elit.",
    "imageUrl": "https://images.unsplash.com/photo-1558002038-1055907df827",
    "extraFunctions": [
      "Customizable EQ",
      "USB-C Port",
      "Voice Assistant Support",
      "Wireless Charging",
      "Wi-Fi Connectivity",
      "Sleep Mode",
      "Noise Cancellation",
      "Fast Charging"
    ]
  },
  {
    "id": "ea7c3594-eaf2-46c6-883f-43afb3170adb",
    "name": "Lorem Ipsum Tablet",
    "price": 415.28,
    "currency": "USD",
    "availableCount": 73,
    "rating": 1.7,
    "discount": 3,
    "category": "computers",
    "shortDescription": "Consectetur do sed ipsum incididunt ut amet aliqua consectetur eiusmod dolore.",
    "longDescription": "Amet do dolore amet consectetur ipsum tempor do eiusmod dolore lorem. Eiusmod ipsum lorem do et sit eiusmod sit sed. Et sed adipiscing incididunt adipiscing elit dolore dolore consectetur magna elit dolor. Labore elit lorem labore elit elit ut labore labore incididunt aliqua.",
    "imageUrl": "https://images.unsplash.com/photo-1484788984921-03950022c9ef",
    "extraFunctions": [
      "Voice Assistant Support",
      "Long Battery Life",
      "Fast Charging",
      "Foldable Design",
      "Wireless Charging"
    ]
  },
  {
    "id": "2c6678ef-f681-48a0-9719-36dfbf4bd193",
    "name": "Lorem Ipsum Monitor",
    "price": 1926.55,
    "currency": "USD",
    "availableCount": 93,
    "rating": 4.1,
    "discount": 12,
    "category": "accessories",
    "shortDescription": "Et ut do sed sit dolore ut sit eiusmod ut et adipiscing sed ipsum.",
    "longDescription": "Ut elit et ipsum consectetur lorem dolor ut et aliqua. Sit et tempor dolor adipiscing consectetur amet dolor sit consectetur incididunt magna labore dolore ut. Labore sit dolore dolore labore dolor do magna. Et et ut aliqua magna eiusmod labore aliqua magna dolore elit ipsum magna. Amet elit dolor aliqua sit amet dolor sed consectetur adipiscing dolor magna labore. Magna magna sed adipiscing labore consectetur tempor tempor do aliqua ipsum ipsum. Tempor ipsum sit et dolore consectetur sit tempor magna dolor ipsum ut magna labore dolor.",
    "imageUrl": "https://images.unsplash.com/photo-1677145503731-87bfe49e5c67",
    "extraFunctions": [
      "Wi-Fi Connectivity",
      "Ambient Sound Mode",
      "Multi-Device Pairing",
      "Auto Power Off",
      "Noise Cancellation",
      "App Integration",
      "Foldable Design",
      "Water Resistant"
    ]
  },
  {
    "id": "2899a40e-f133-4a12-a252-05bc3b01e164",
    "name": "Lorem Ipsum Keyboard",
    "price": 1306.57,
    "currency": "USD",
    "availableCount": 43,
    "rating": 1.1,
    "discount": 6,
    "category": "accessories",
    "shortDescription": "Labore et ipsum sit magna lorem do eiusmod magna do eiusmod do.",
    "longDescription": "Dolor incididunt incididunt amet sed tempor elit magna elit. Aliqua elit tempor dolor labore elit elit do. Adipiscing ut dolore amet aliqua dolore ut dolor. Dolore ipsum do et ut incididunt do do incididunt dolore sit lorem dolor. Ut lorem incididunt adipiscing eiusmod tempor ut amet incididunt incididunt tempor ut tempor incididunt magna. Ut adipiscing elit sed ut sed et consectetur magna dolor ut adipiscing dolore et ut.",
    "imageUrl": "https://images.unsplash.com/photo-1624823183493-ed5832f48f18",
    "extraFunctions": [
      "Water Resistant",
      "Noise Cancellation",
      "Bluetooth 5.0",
      "Voice Assistant Support",
      "Foldable Design",
      "USB-C Port",
      "Auto Power Off",
      "Long Battery Life"
    ]
  },
  {
    "id": "25be2869-94f6-424c-a25b-2001a72b1f5d",
    "name": "Lorem Ipsum Phone",
    "price": 207.28,
    "currency": "USD",
    "availableCount": 15,
    "rating": 1.5,
    "discount": 7,
    "category": "mobile",
    "shortDescription": "Amet do labore dolor ipsum et sed amet et labore incididunt ut do.",
    "longDescription": "Sed tempor aliqua dolor ipsum ut aliqua sed et magna elit adipiscing et dolor ipsum. Lorem ut labore sit consectetur dolore magna magna ipsum dolor. Sit do do sed consectetur do et dolore sit magna lorem. Labore sit aliqua tempor aliqua dolore dolore labore ipsum dolor incididunt sed. Et ipsum dolor ipsum lorem lorem amet adipiscing consectetur dolore labore lorem dolor sed.",
    "imageUrl": "https://images.unsplash.com/photo-1622782914767-404fb9ab3f57",
    "extraFunctions": [
      "Fast Charging",
      "Long Battery Life",
      "Noise Cancellation",
      "Sleep Mode",
      "Wi-Fi Connectivity",
      "Water Resistant",
      "Auto Power Off",
      "LED Display"
    ]
  },
  {
    "id": "d75c4145-82f1-4a2f-9d87-f0c92c5914f6",
    "name": "Lorem Ipsum Watch",
    "price": 31.42,
    "currency": "USD",
    "availableCount": 49,
    "rating": 4.2,
    "discount": 11,
    "category": "accessories",
    "shortDescription": "Incididunt ipsum sed ut aliqua ipsum aliqua dolore dolor adipiscing elit eiusmod consectetur dolor.",
    "longDescription": "Magna magna dolor lorem do amet dolor sed tempor consectetur incididunt tempor dolore et ipsum. Labore dolor incididunt do dolor ipsum et elit amet. Do dolor ipsum ipsum eiusmod ut amet aliqua adipiscing. Adipiscing do aliqua magna adipiscing labore consectetur ut ut sed sit labore aliqua adipiscing. Et elit labore labore labore consectetur do aliqua adipiscing. Elit dolore elit aliqua eiusmod amet elit ut incididunt amet dolore.",
    "imageUrl": "https://images.unsplash.com/photo-1749351069759-6eebd65517d8",
    "extraFunctions": [
      "Ambient Sound Mode",
      "Customizable EQ",
      "Gesture Control",
      "Multi-Device Pairing",
      "Fast Charging",
      "Wireless Charging",
      "Touch Control"
    ]
  },
  {
    "id": "3b54c45f-7d92-414b-9055-61230c1d5a8e",
    "name": "Lorem Ipsum Tablet",
    "price": 138.54,
    "currency": "USD",
    "availableCount": 27,
    "rating": 1.3,
    "discount": 6,
    "category": "accessories",
    "shortDescription": "Sit consectetur lorem dolor do adipiscing et aliqua sed lorem consectetur.",
    "longDescription": "Magna sed dolore amet consectetur eiusmod dolor tempor magna incididunt aliqua lorem. Sed adipiscing ipsum amet do dolore elit ut ut ipsum. Elit dolore labore incididunt consectetur labore elit ipsum labore sed lorem consectetur adipiscing. Labore eiusmod labore do aliqua dolor lorem eiusmod et sit dolor.",
    "imageUrl": "https://images.unsplash.com/photo-1624823183493-ed5832f48f18",
    "extraFunctions": [
      "GPS Tracking",
      "App Integration",
      "Multi-Device Pairing",
      "Auto Power Off",
      "Wireless Charging",
      "LED Display",
      "Foldable Design",
      "Bluetooth 5.0"
    ]
  },
  {
    "id": "4e1103ce-3052-41f8-b6bb-19f26d773201",
    "name": "Lorem Ipsum Mouse",
    "price": 1343.91,
    "currency": "USD",
    "availableCount": 73,
    "rating": 2.3,
    "discount": 12,
    "category": "audio",
    "shortDescription": "Labore consectetur lorem dolore sed magna lorem sed dolore consectetur amet elit ut.",
    "longDescription": "Dolor dolore amet elit magna dolore ut adipiscing dolore labore amet eiusmod. Adipiscing dolor tempor et tempor adipiscing eiusmod dolore consectetur. Dolore lorem sed sit eiusmod ipsum labore et ipsum amet incididunt et do. Tempor eiusmod incididunt dolor elit ut elit sit eiusmod elit adipiscing sit dolor elit. Amet ipsum ut elit adipiscing et ipsum adipiscing sit eiusmod elit.",
    "imageUrl": "https://images.unsplash.com/photo-1545127398-14699f92334b",
    "extraFunctions": [
      "Gesture Control",
      "GPS Tracking",
      "Bluetooth 5.0",
      "Voice Assistant Support",
      "App Integration",
      "Multi-Device Pairing",
      "USB-C Port"
    ]
  },
  {
    "id": "ea67df76-b9da-47ec-81fd-773ee37bc26f",
    "name": "Lorem Ipsum Keyboard",
    "price": 709.53,
    "currency": "USD",
    "availableCount": 52,
    "rating": 2.1,
    "discount": 12,
    "category": "audio",
    "shortDescription": "Eiusmod dolor tempor consectetur incididunt aliqua amet do consectetur ut sit.",
    "longDescription": "Aliqua sed amet lorem sit aliqua consectetur amet dolor elit dolore ipsum amet amet. Sit eiusmod eiusmod ipsum et aliqua magna magna elit elit consectetur. Tempor elit eiusmod labore aliqua magna et eiusmod adipiscing amet amet ipsum adipiscing sed. Tempor incididunt incididunt magna dolore eiusmod eiusmod magna magna tempor aliqua ut. Ipsum do ut ipsum aliqua ut dolor do.",
    "imageUrl": "https://images.unsplash.com/photo-1618366712010-f4ae9c647dcb",
    "extraFunctions": [
      "Bluetooth 5.0",
      "Water Resistant",
      "USB-C Port",
      "Fast Charging",
      "Touch Control",
      "Wireless Charging"
    ]
  },
  {
    "id": "55fc4841-3c0e-47bf-afdb-b089574c65df",
    "name": "Lorem Ipsum Laptop",
    "price": 377.82,
    "currency": "USD",
    "availableCount": 5,
    "rating": 3.4,
    "discount": 9,
    "category": "accessories",
    "shortDescription": "Sed adipiscing sed adipiscing et dolore magna magna consectetur adipiscing consectetur amet amet.",
    "longDescription": "Ipsum et incididunt lorem dolor sed amet consectetur amet sed labore amet. Ipsum tempor dolore sit consectetur consectetur adipiscing sit sit magna do. Sit dolor et amet tempor sit et ipsum magna. Do tempor ipsum eiusmod elit dolor dolor eiusmod magna ut consectetur eiusmod sed lorem. Lorem dolore amet dolore dolore sed dolor et do do. Sed dolor et consectetur elit elit magna ut lorem lorem adipiscing.",
    "imageUrl": "https://images.unsplash.com/photo-1749351069759-6eebd65517d8",
    "extraFunctions": [
      "Customizable EQ",
      "Voice Assistant Support",
      "USB-C Port",
      "Fast Charging",
      "Gesture Control",
      "Multi-Device Pairing"
    ]
  },
  {
    "id": "e4dd5bdf-5402-4f04-9df5-a6e3658507ea",
    "name": "Lorem Ipsum Laptop",
    "price": 1071.76,
    "currency": "USD",
    "availableCount": 20,
    "rating": 3.4,
    "discount": 10,
    "category": "smartHome",
    "shortDescription": "Elit lorem eiusmod labore sed magna et amet aliqua aliqua eiusmod dolor incididunt tempor.",
    "longDescription": "Amet amet incididunt sed consectetur elit do sed sit magna aliqua do. Eiusmod aliqua consectetur elit amet dolore sit ipsum. Ipsum consectetur aliqua magna magna incididunt incididunt amet aliqua amet lorem. Amet consectetur consectetur eiusmod tempor adipiscing ut adipiscing dolore et elit lorem elit ut et.",
    "imageUrl": "https://images.unsplash.com/photo-1703675858673-56aab77ccbec",
    "extraFunctions": [
      "Wireless Charging",
      "Gesture Control",
      "Customizable EQ",
      "Water Resistant",
      "Sleep Mode",
      "Multi-Device Pairing"
    ]
  },
  {
    "id": "5920f35f-b288-42a2-bbf2-b4e90b576d1c",
    "name": "Lorem Ipsum Mouse",
    "price": 1707.2,
    "currency": "USD",
    "availableCount": 25,
    "rating": 4.3,
    "discount": 13,
    "category": "computers",
    "shortDescription": "Incididunt incididunt labore lorem labore labore consectetur sed.",
    "longDescription": "Ut ut ipsum labore ut lorem aliqua sit et tempor consectetur sed adipiscing elit. Sit aliqua elit aliqua ipsum incididunt lorem aliqua amet do. Adipiscing lorem consectetur eiusmod amet do tempor adipiscing tempor adipiscing sed sit dolore magna. Labore incididunt elit ut incididunt eiusmod ipsum ipsum consectetur labore et tempor dolor. Ipsum labore incididunt do labore eiusmod elit consectetur incididunt elit et tempor. Ipsum do amet tempor dolore ipsum ut eiusmod ipsum adipiscing.",
    "imageUrl": "https://plus.unsplash.com/premium_photo-1687892170417-f9a11a402ef7",
    "extraFunctions": [
      "Voice Assistant Support",
      "Auto Power Off",
      "Bluetooth 5.0",
      "Customizable EQ",
      "LED Display"
    ]
  },
  {
    "id": "665e517b-180d-41c0-9e48-ff5c007acab4",
    "name": "Lorem Ipsum Laptop",
    "price": 1145.71,
    "currency": "USD",
    "availableCount": 6,
    "rating": 2.6,
    "discount": 13,
    "category": "smartHome",
    "shortDescription": "Lorem elit et tempor sit dolor do aliqua consectetur dolor tempor dolore sit.",
    "longDescription": "Dolore amet et labore eiusmod ipsum consectetur incididunt. Sit sit dolor incididunt dolore eiusmod aliqua consectetur amet ipsum tempor adipiscing lorem tempor lorem. Sit elit elit labore eiusmod dolor tempor lorem ipsum magna dolore elit incididunt tempor magna. Et aliqua lorem consectetur sit labore incididunt et sed do sed.",
    "imageUrl": "https://images.unsplash.com/photo-1703675858673-56aab77ccbec",
    "extraFunctions": [
      "Multi-Device Pairing",
      "App Integration",
      "Auto Power Off",
      "Bluetooth 5.0",
      "Customizable EQ"
    ]
  },
  {
    "id": "64ccadc9-db90-4abd-a8ba-6d4b80f34c64",
    "name": "Lorem Ipsum Keyboard",
    "price": 1524.08,
    "currency": "USD",
    "availableCount": 89,
    "rating": 2.3,
    "discount": 3,
    "category": "smartHome",
    "shortDescription": "Do dolore tempor sed ut amet labore ipsum.",
    "longDescription": "Sed ut amet do amet labore ut lorem eiusmod ut sit incididunt magna magna. Dolore elit labore ut aliqua tempor ipsum labore incididunt magna. Incididunt amet ut sit tempor aliqua incididunt aliqua ut labore sit labore. Dolor amet tempor sit dolor adipiscing incididunt sit elit amet lorem ut tempor.",
    "imageUrl": "https://images.unsplash.com/photo-1558002038-1055907df827",
    "extraFunctions": [
      "GPS Tracking",
      "Fast Charging",
      "LED Display",
      "Sleep Mode",
      "Noise Cancellation",
      "Gesture Control",
      "Customizable EQ",
      "Auto Power Off"
    ]
  }
]